event_time,event_type,product_id,category_id,category_code,brand,price,user_id,Session_id,Customer_id,Location,License_id,Session_start_datetime,Session_end_datetime,duration,License_start_date,License_end_date
2019-10-23 09:07:43,view,qucSviaxpX,1487580005134238553,,runail,8.25,25659307,RHbuRvaiE1GJcycY3QgkyVVRD,BvzLKM21IFOYsYvebV,"[38.0817, 13.2889]",3343358,2016-11-12 05:32:41,2016-11-12 05:39:41,7,2016-10-27 05:32:41,2017-04-25 05:32:41
2019-11-17 04:34:10,view,yChCy12yxn,1487580006300255120,,beautix,1.43,38520100,nyNR5x0ZNJZmZ2Rx4bt9tj9PE,XjQSWsYGOvVpTEYHDT,"[42.8644, -76.9827]",1891578,2019-10-23 14:33:41,2019-10-23 14:37:41,4,2019-10-04 14:33:41,2020-02-01 14:33:41
2020-01-06 19:46:09,view,daFJ6KLXeu,1487580013841613016,,italwax,1.73,48637695,fC3FV08XHXl5Mn1vmVu686c9s,wLUtDZ4oJytOKuLz5n,"[25.18, 75.83]",3527677,2019-01-18 01:29:07,2019-01-18 01:33:07,4,2018-12-15 01:29:07,2019-03-15 01:29:07
2019-11-13 08:04:26,cart,4tgMwYUJDt,1487580009496313889,,,15.71,17312151,cHgh8wh5CfJsfUG2IMz9wyZ0p,uQTOnqunqV5Znwujdh,"[35.2167, 137.0333]",1391693,2019-12-17 06:27:24,2019-12-17 06:28:24,1,2019-11-28 06:27:24,2020-03-27 06:27:24
2020-02-15 10:15:18,view,M66Ru9bzKI,1487580006073762693,,runail,1.43,26222834,loqOZSV0CDUSrdOjpL8gfSdyt,W0zCUjbB9uggwgXA4C,"[32.1919, 131.5258]",1455317,2017-07-11 11:00:54,2017-07-11 11:02:54,2,2017-06-26 11:00:54,2017-10-24 11:00:54
2019-11-21 09:03:34,cart,5inU1EqmHb,1487580005754995573,,,4.6,43195391,J5ik7FzlTT9PGSKbqFr1ZykXB,cWXRKDCOPcmXtQdETp,"[17.4, 104.8]",4414941,2017-01-19 14:07:29,2017-01-19 14:12:29,5,2016-12-17 14:07:29,2017-02-15 14:07:29
2019-11-29 21:58:30,view,15vPRmQTOj,1487580012902088873,,haruyama,3.97,12645112,wXFWlctgGfo34JNTh6mmUb6GD,EHgqHEfr8scaJ4jAUB,"[-6.1167, 141.3]",3716955,2016-07-26 09:21:54,2016-07-26 09:25:54,4,2016-07-10 09:21:54,2016-09-08 09:21:54
2020-02-16 14:32:51,view,jgUMOuJFcO,1487580010796548183,,estel,3.17,41896382,3WPrn9b0RFaoGpUsyl7OrfUPU,ON7ZL1H0nT51i8G7cY,"[51.0906, 2.9803]",4955841,2021-06-05 18:06:48,2021-06-05 18:10:48,4,2021-04-29 18:06:48,2021-08-27 18:06:48
2020-02-26 07:32:33,view,5BA1hvY1jy,2084144451428549153,,,3.57,20867736,mGEAczyToFPw06kBJ9VRaW7jN,cE1iKbX3DXajmvVpSx,"[61.4667, 23.65]",1102303,2019-02-23 20:59:53,2019-02-23 21:06:53,7,2019-02-08 20:59:53,2019-06-08 20:59:53
2020-01-19 15:26:00,cart,aew7prMtoh,1487580005754995573,,levrana,4.27,34549544,mjGCnBZmf5IIe2kAfuMpi3UD8,YL2KIQtUiKnVxW2RtZ,"[51.4008, 4.7611]",3636939,2015-03-03 11:03:18,2015-03-03 11:06:18,3,2015-01-27 11:03:18,2015-04-27 11:03:18
2019-10-25 14:43:33,cart,9UE0SRKTPj,1487580006317032337,,lianail,6.43,23973974,oxOgNipxTnbCBjY8MQd5ZiRFj,ZZwWN9CPcRa3VQJ7B0,"[46.7758, 24.7083]",4144501,2019-01-17 02:43:05,2019-01-17 02:44:05,1,2019-01-06 02:43:05,2019-06-05 02:43:05
2019-10-15 11:59:53,view,8S5wtB3mU5,1487580013069861041,,,4.44,12877347,xvJ6HBJU3SCrBC0jTOvJtAVHa,BuZhe0A9Eq8O9UUbaP,"[4.9151, 29.4769]",3131224,2020-10-28 17:12:45,2020-10-28 17:18:45,6,2020-10-01 17:12:45,2020-12-30 17:12:45
2019-12-23 18:25:23,cart,gthJH9IbAP,1487580013858390233,,kapous,2.22,31703151,bzkdOoEIVDp02UWJfeEoV93Et,oIwR7BlqI0cm7v94Ev,"[10.45, 38.2]",3127605,2015-12-22 07:08:10,2015-12-22 07:13:10,5,2015-11-23 07:08:10,2016-01-22 07:08:10
2020-01-03 17:04:49,remove_from_cart,4lnGXIza4r,1487580005385896804,,cosmoprofi,7.46,23399908,9ENvCSnoX0WaXydMiSjlL0jDX,xqeTVPykOQFGft36GL,"[35.1817, -84.8707]",4958060,2017-02-25 15:51:38,2017-02-25 15:56:38,5,2017-02-15 15:51:38,2017-04-16 15:51:38
2019-11-10 06:59:03,cart,jMGRGU8oGX,1487580005268456287,,,15.79,28179229,OAIVXoJAQBzd2vP7QLUJdA3BM,7OPrQsUB1y56DWrbG4,"[39.535, -85.7792]",2702116,2017-04-19 07:11:32,2017-04-19 07:18:32,7,2017-03-10 07:11:32,2017-08-07 07:11:32
2019-12-02 07:25:48,cart,0Fv2fsYkfO,1487580011702517887,,,137.78,48255939,9G0prKSi7Gw1ivapJ9Oek1oEd,IgoAxmAwZbILOeJHyk,"[14.7328, -6.1219]",4827296,2016-02-01 22:26:45,2016-02-01 22:28:45,2,2015-12-25 22:26:45,2016-02-23 22:26:45
2019-12-20 09:47:13,remove_from_cart,ctEogOEhAg,1487580010561667147,,,0.79,32650900,yiFUB5nEHF9LxUe2Y4EJ5A31R,qk57z8ubNB8CSCscO8,"[41.7264, 13.3422]",1196868,2021-07-27 01:37:20,2021-07-27 01:43:20,6,2021-06-24 01:37:20,2021-10-22 01:37:20
2019-11-16 21:15:42,cart,juSA4AbTak,1487580005461394279,,,8.29,18413230,3omhMHrFwlJO5Uh66nPneCOzn,4Ugqxw4b8X2fCz8YdJ,"[45.2, 33.3583]",4071077,2017-10-14 21:03:40,2017-10-14 21:04:40,1,2017-09-23 21:03:40,2018-01-21 21:03:40
2019-10-09 11:04:50,view,P28tnbtqZm,1487580010645553231,,pnb,9.52,15216669,17QxTh9Ze1ngtl7uN4UjVKQpy,IC7AZg2oDKZRm17Uau,"[25.5909, 106.3163]",2503605,2020-10-18 07:05:30,2020-10-18 07:12:30,7,2020-09-12 07:05:30,2021-01-10 07:05:30
2020-02-09 09:40:52,view,eIOAKTT3oQ,1487580005671109489,,,3.0,43565817,TbNc4p07dXLMLS43Fr7GzzzyS,VU2Et6rXY0iZpIMkBR,"[38.485, 15.9797]",2820511,2016-04-24 01:48:05,2016-04-24 01:51:05,3,2016-03-28 01:48:05,2016-05-27 01:48:05
2019-11-21 09:36:48,remove_from_cart,4bAy3SC3bB,1487580008263189483,,grattol,8.73,24233588,wMzHz5sqsOQs7zKF26JVrIJWr,RcqAgPfxjDG4ITteFi,"[50.7356, 2.2372]",3651037,2016-09-04 10:12:00,2016-09-04 10:19:00,7,2016-07-29 10:12:00,2016-10-27 10:12:00
2020-02-18 12:37:16,cart,Za493to4lG,1487580008263189483,,,4.62,46747241,kDbIpsOf80HeVJa0TX8oQVK5R,cIbubcJM6J6kOpSJdR,"[56.65, 66.3]",3248355,2017-04-06 09:27:21,2017-04-06 09:33:21,6,2017-02-27 09:27:21,2017-08-26 09:27:21
2019-12-05 17:01:15,cart,RO1PyO78sH,1487580011702517887,,italwax,3.02,45177059,vYknrNu7oXHTRoZj9NlHiNR98,q6dmvjugyDxhtKjMsT,"[49.3214, 6.1183]",2823021,2018-03-28 04:32:12,2018-03-28 04:36:12,4,2018-03-05 04:32:12,2018-05-04 04:32:12
2019-12-15 16:18:27,remove_from_cart,fkfR6EfmpH,1487580005092295511,,bpw.style,29.37,16526156,cSwIRolsKkqf5lcQlgbr49zQF,V02S7JICMSlHkPk7Dv,"[-34.75, -58.3833]",3733336,2021-04-27 08:36:43,2021-04-27 08:40:43,4,2021-04-15 08:36:43,2021-08-13 08:36:43
2019-10-17 08:15:49,cart,kcY9pl2MXP,1487580013799669974,,milv,4.44,39841965,32Ee88e78ox3xBLHwb2BK5sQ1,j1odDqofpj7AH2aY4m,"[45.1856, 26.0397]",1635004,2016-08-25 21:52:33,2016-08-25 21:54:33,2,2016-08-09 21:52:33,2017-02-05 21:52:33
2019-10-02 20:43:14,view,hNwssiQX6m,1602943681873052386,,,7.46,40368520,2lBXpRzefllD6LFiuP2hd6NKD,npAORfl0YTJN4IjAX3,"[46.3625, 23.0456]",3843946,2015-05-26 05:58:12,2015-05-26 06:02:12,4,2015-05-10 05:58:12,2015-10-07 05:58:12
2019-10-27 21:49:37,view,ipv5uinftK,1487580004882580302,,max,2.83,36793932,G6z8HJsu0AU1KJMDnFIXAz2Gu,6kMxFum9slAk0koBtA,"[16.9981, -96.4314]",2185905,2018-05-24 23:59:41,2018-05-25 00:03:41,4,2018-05-01 23:59:41,2018-08-29 23:59:41
2019-11-24 15:36:14,remove_from_cart,8vjukOhV2l,1487580013069861041,,staleks,8.73,19895664,LBFDMEKjqedFjlMJEYdPHricL,MdHRaEEPopbLdVuA6I,"[36.0365, -95.7809]",2689943,2021-07-12 15:57:50,2021-07-12 15:59:50,2,2021-06-29 15:57:50,2021-12-26 15:57:50
2019-10-06 15:18:04,cart,uUGwXbFjv7,1487580005092295511,,,44.44,28778752,1buBpfSBcl77YcmMbmumMdes5,RSrkVKTjC5GAlbWrzp,"[50.4278, 2.9297]",3923512,2021-10-28 00:58:41,2021-10-28 00:59:41,1,2021-09-23 00:58:41,2021-11-22 00:58:41
2019-10-30 18:29:26,cart,KEoAtwsmGS,1658462125284131265,,yoko,98.4,21985802,dgq9KQ8uc3hOhpQHrvAQ6r26z,z1ncR9QL6vZ51ml8eX,"[37.1833, -1.8167]",4853806,2020-01-06 15:17:16,2020-01-06 15:20:16,3,2019-12-20 15:17:16,2020-06-17 15:17:16
2020-01-04 16:39:33,cart,2jZaKD9RuS,1602943681873052386,,runail,1.59,34352714,ykIQDBw7tPc3wbTrLp6vYwdV5,uGJbcCsZXs2AitzIFA,"[-7.805, -35.24]",2845677,2017-06-20 23:17:13,2017-06-20 23:20:13,3,2017-05-21 23:17:13,2017-11-17 23:17:13
2020-01-31 07:48:42,view,GIOJzjLvyw,1487580007281722301,,concept,3.16,24159102,M5GvmMYrGxDjEkzGz2SWAT1uJ,PntsJh2fbwXhCT9Zil,"[38.5967, -0.6708]",1516072,2020-07-27 15:38:25,2020-07-27 15:45:25,7,2020-06-27 15:38:25,2020-10-25 15:38:25
2020-02-02 15:16:08,remove_from_cart,Jx8wJzv6vS,1487580008447738866,,,2.14,10219250,SUtujdcizYgvq8hmR6GE2ZRbF,LjPRAjG3ti2FMVb50g,"[49.1511, 6.1514]",4324998,2015-01-04 20:13:40,2015-01-04 20:15:40,2,2014-12-07 20:13:40,2015-04-06 20:13:40
2020-02-28 11:50:25,view,928MOqxClg,1487580006317032337,,strong,2.48,37824829,UF3nPi59jGHZcyieDKG43WAys,MU1O9CjzKfBYmB75H4,"[49.0017, 9.1083]",1602806,2018-04-24 05:59:11,2018-04-24 06:02:11,3,2018-04-05 05:59:11,2018-07-04 05:59:11
2020-02-14 08:22:01,cart,lX5ZOnvzvg,1487580007717929935,,irisk,23.81,26515175,wngAooRZxnbR8EKawT1cYSFwf,6NIl0LaGwaXIXDRDKy,"[-27.6689, -54.11]",1502171,2021-07-11 16:42:50,2021-07-11 16:48:50,6,2021-06-05 16:42:50,2021-10-03 16:42:50
2019-10-30 10:28:38,view,9CDS1g3gYv,1487580013841613016,,oniq,5.56,34022581,huxzCMHlZLpgxKnoOBDubpINY,VEaOD3mexJcyoZv90n,"[50.8429, -0.1313]",4215772,2018-04-23 18:39:15,2018-04-23 18:44:15,5,2018-03-23 18:39:15,2018-07-21 18:39:15
2020-01-17 08:30:07,view,tOF766EMpv,1487580005595612013,,,6.35,40624421,0346daMEPQYfg5OYQObByQHqh,FTb1piEheFvho16ecC,"[42.911, -8.735]",1790291,2017-05-08 16:12:57,2017-05-08 16:17:57,5,2017-03-29 16:12:57,2017-09-25 16:12:57
2019-12-16 05:36:33,view,jkOrm41eZY,1487580005092295511,,bpw.style,4.6,47602812,Kp03ILOIBtDnhAlHJ0yOHPx3i,uqQz6yhyYwENXwht6v,"[46.1, 12.1833]",3793476,2020-02-12 15:16:37,2020-02-12 15:20:37,4,2020-01-19 15:16:37,2020-05-18 15:16:37
2020-01-30 10:49:35,cart,PSUiMD2X4Y,1487580009202712597,,grattol,5.11,10860283,5N1AoVDbA07DTaqZQ1R4qXstw,CS8OrMmQCWUjJfZKlc,"[14.7361, -91.1558]",4999633,2016-12-12 03:34:25,2016-12-12 03:40:25,6,2016-11-06 03:34:25,2017-01-05 03:34:25
2020-01-06 13:50:33,view,L7XPLw3O1X,1487580011585077370,,,20.0,26284528,tRhDTZtmBDLrHxxoMCuXZVz4Y,a9KWzOkFVfYRJGN3cH,"[16.7333, 120.3833]",1509507,2015-05-22 16:38:16,2015-05-22 16:41:16,3,2015-05-03 16:38:16,2015-08-01 16:38:16
2019-11-06 12:02:27,remove_from_cart,8akjVuszdZ,1487580008758116352,,,0.79,19072206,bBgFP2QPzJF7GW268WJKtm6F4,f7a90EDxGQRsb1cf2u,"[19.2833, -98.4333]",2186482,2019-10-27 23:06:57,2019-10-27 23:12:57,6,2019-10-16 23:06:57,2019-12-15 23:06:57
2019-10-13 11:28:39,remove_from_cart,KueKeRBJw7,1542195323827388674,,kinetics,2.06,38352434,LNrTGnYJzX9eNEb5VFFyuAzny,rKKDbxJfSrK8GtdbqK,"[34.084, -118.1355]",2189462,2015-11-15 02:10:57,2015-11-15 02:16:57,6,2015-10-06 02:10:57,2016-04-03 02:10:57
2019-10-11 13:42:55,cart,VpP8uQs2JU,1487580007675986893,,italwax,1.51,44545007,HUKbzbATc7YrXUFGT7DjlFgDW,axnQb4kqHoc3Qp9MJa,"[45.5667, -72.0]",3876000,2021-09-08 03:35:04,2021-09-08 03:37:04,2,2021-08-29 03:35:04,2021-10-28 03:35:04
2019-10-26 16:21:54,purchase,LTGdaIwJAf,1487580008112194531,,,1.75,18991623,02wkxIbPbai09bnHWkfhgCTTv,X7RgoK4oKwdrozymaz,"[45.65, 11.3]",4051479,2016-05-06 15:10:10,2016-05-06 15:15:10,5,2016-04-26 15:10:10,2016-09-23 15:10:10
2019-11-06 01:28:32,view,E333Nmjvyd,1487580007717929935,,runail,1.27,43034232,sVQ6gJJYIqLGCk7qOuwq5uhe0,ZUQNLrcPtfGWx3rAF5,"[41.8222, 46.275]",2671912,2019-12-11 00:01:12,2019-12-11 00:06:12,5,2019-11-12 00:01:12,2020-02-10 00:01:12
2019-11-17 09:21:24,cart,meANxt7L12,1487580012902088873,,masura,10.95,16382787,hpYznm7OBF8aIFEFy7baSjNo4,UfOt6ycLWPnTCrkudW,"[37.2118, -95.7328]",2421980,2021-12-27 10:37:58,2021-12-27 10:41:58,4,2021-11-29 10:37:58,2022-04-28 10:37:58
2020-02-27 07:16:37,cart,maEdNNIQ0Q,1487580012432326804,,irisk,3.65,35479414,hlR4PXpVieuBPjztcp1ikqvf2,eJPGNJwFFTAvdylycI,"[35.2439, 60.6225]",4839313,2017-10-20 17:11:17,2017-10-20 17:20:17,9,2017-10-02 17:11:17,2018-03-31 17:11:17
2019-12-19 13:08:02,purchase,6oz6yQ6b4C,1487580004916134735,,irisk,4.0,34223505,GZJ7zfMBSY1umZc5wsvId3zm2,amEV9hmQUcI6NJ2HDE,"[29.9, -7.3167]",2375714,2016-10-05 23:17:11,2016-10-05 23:23:11,6,2016-09-22 23:17:11,2016-11-21 23:17:11
2019-11-28 13:12:03,view,3XlhvFBovZ,1487580005092295511,,,1.73,21910233,ZisurZwqtIgpSC7AYlrQPB9iN,9iLpzqe2j9QVY9MaI2,"[35.8756, -80.0093]",2384382,2016-05-06 05:15:40,2016-05-06 05:18:40,3,2016-04-26 05:15:40,2016-08-24 05:15:40
2019-11-23 08:27:00,cart,uRDcpj7Csb,1487580006317032337,,farmstay,3.97,15756233,BO73MER5625N2FFfCF1PcXl9o,sl887prcs7F6Z88UxY,"[-4.35, 14.76]",2761011,2018-03-19 08:21:36,2018-03-19 08:25:36,4,2018-02-14 08:21:36,2018-05-15 08:21:36
2019-10-20 13:20:45,view,L6L4Ci9KpQ,1487580012021285001,,,0.4,26074444,PtCWW9DytKsZkBjfcaEZa3VYL,fVZCLOGNO8tnBBso7D,"[-13.7728, -42.7139]",1793645,2015-08-24 15:22:53,2015-08-24 15:27:53,5,2015-07-28 15:22:53,2016-01-24 15:22:53
2019-12-19 12:50:46,view,9d8cohCgGe,1487580013069861041,,irisk,0.79,15003449,fLCMzzboYzuj1h9dfAfXyBe37,O4sBLmi4ws542dR9xO,"[39.5661, -0.5281]",1102863,2015-02-07 16:12:11,2015-02-09 08:36:11,2424,2014-12-31 16:12:11,2015-06-29 16:12:11
2019-11-15 07:19:31,view,3xKNW4D8q7,1487580004916134735,,,1.03,15464074,bTImG5Idk9S6wRMyHE6cz8nK2,qrsKss7Ada0KOtGyVN,"[43.7297, 10.5867]",1929629,2017-05-13 20:09:04,2017-05-14 22:53:04,1604,2017-04-17 20:09:04,2017-06-16 20:09:04
2019-10-24 13:10:01,view,7oicapzOC4,1487580013640286413,,beautix,3.97,41119777,oOCSPyXuhEbfXNgJ5GlyCDrMv,xlRMyWE8Cx3MHBoMaF,"[40.3428, -94.8701]",2448586,2018-09-25 03:37:50,2018-09-26 07:26:50,1669,2018-08-21 03:37:50,2018-12-19 03:37:50
2019-11-19 17:19:51,remove_from_cart,jgsoZ2gQAG,1487580009177546772,,,1.27,37221212,qSwo0hxqNqxkJtUBedx1bX7Tz,TOnzTWjjU7da87KCf7,"[40.3211, 44.5797]",3006225,2016-04-26 07:42:13,2016-04-27 08:26:13,1484,2016-04-13 07:42:13,2016-06-12 07:42:13
2019-10-20 15:55:47,remove_from_cart,1m9wPqEa8c,1487580005595612013,,lianail,0.79,15317666,V2CrI2f9qNiI0wdq9o831C8PT,s05o8dEoXCRzTuKYUn,"[-50.3395, -72.2649]",4402659,2019-06-21 21:54:43,2019-06-22 23:15:43,1521,2019-05-22 21:54:43,2019-10-19 21:54:43
2020-01-28 23:38:09,view,Xa5LQOWzeI,1487580008800059394,,,0.63,37956911,norSKOVhqy2kZQChXfP9PcuxJ,EprZLNf3iNyOAHr7cD,"[29.9474, -82.1129]",3905059,2017-01-16 13:01:57,2017-01-16 21:03:57,482,2016-12-18 13:01:57,2017-05-17 13:01:57
2019-10-22 11:34:07,remove_from_cart,wRMz1ukrXk,1487580006317032337,,ardell,2.7,36772655,o8CVFP0xhu0BTSoH9Mhszber4,eKFN70wQqWgyBxVkGF,"[36.0656, 113.8153]",4928115,2018-07-16 03:53:04,2018-07-17 00:05:04,1212,2018-06-15 03:53:04,2018-11-12 03:53:04
2019-12-08 23:25:02,view,8N94Dio081,1487580005595612013,,runail,0.79,47417245,MJWaH1UqhEMzzGShKnHnhaNos,KjpPqnOFpnRBXn4EuQ,"[48.7833, 17.8333]",1292906,2016-03-11 11:47:19,2016-03-12 08:22:19,1235,2016-02-12 11:47:19,2016-06-11 11:47:19
2020-01-04 19:53:24,view,Qt15aJqEsb,1897124478404526487,,beautix,5.24,23350560,TQYNfy8Q0k5JkEIxxhrXDduh1,tZtpgXiymBOr7kPg0m,"[28.6583, 121.4221]",3379079,2020-12-03 10:21:26,2020-12-04 13:29:26,1628,2020-11-11 10:21:26,2021-05-10 10:21:26
2020-02-09 11:39:04,view,eq3f1Jl3EM,1487580005671109489,,cnd,5.24,48413710,2miJsOJ5jYmKdR5Fi3D7O5EvO,nh1xTbV7eE42JmHQ4l,"[52.4667, 4.75]",2443987,2015-03-09 20:11:12,2015-03-10 07:01:12,650,2015-02-15 20:11:12,2015-07-15 20:11:12
2019-10-10 21:45:09,cart,0vmrrkTT1T,1487580005754995573,,masura,0.67,30923247,SXOK3V95TvU1i5F6XjnglBHjY,z7XfL5PmqtKyPkeICq,"[42.3377, 130.4027]",1958882,2020-01-06 16:56:21,2020-01-07 12:47:21,1191,2019-12-08 16:56:21,2020-02-06 16:56:21
2019-12-18 19:02:10,remove_from_cart,OdiHv06X6V,1937169073007756269,,,4.29,33111549,vlyoNHhrv0CvleDLzt16aAfFp,t245TPepRyWP6BYgYa,"[50.1333, 11.0333]",2417709,2021-01-02 05:41:34,2021-01-03 10:40:34,1739,2020-11-30 05:41:34,2021-03-30 05:41:34
2020-02-01 18:21:10,cart,eWQgUWjmSN,1487580005092295511,,,1.98,10769483,XHJmooZoknSpV5p4AV647pmfM,eaUqh9UqTPjmaIcqK9,"[45.1167, 10.7833]",3361802,2017-04-07 08:56:16,2017-04-08 07:55:16,1379,2017-03-26 08:56:16,2017-07-24 08:56:16
2020-02-02 14:19:29,cart,dEOprzHtbo,1487580008145748965,,,0.32,42221642,2T2dervRjnYnbBkEulMKkXS7E,kl3OWy1QIqTP5M177J,"[-23.5228, -46.8358]",2962288,2021-10-04 05:25:32,2021-10-04 17:28:32,723,2021-09-08 05:25:32,2021-11-07 05:25:32
2019-10-27 10:26:49,view,yxYi37Q4DB,1487580007256556476,,,5.54,43435785,eqf2yDFeZF6lT2hockKtipDD8,uEnjofxHz57J5Mq7oG,"[33.9025, -118.0093]",2872413,2016-01-02 05:22:23,2016-01-03 01:15:23,1193,2015-12-16 05:22:23,2016-05-14 05:22:23
2020-02-24 18:15:15,view,4YJQmdeVmm,2069804417665728971,,,2.48,47944085,jOyvdnojIiKsYIuaiM4yPHPBQ,aWMfV092ZvQCucfi6E,"[48.2167, 12.0667]",4919351,2018-04-27 07:31:51,2018-04-27 22:26:51,895,2018-03-28 07:31:51,2018-07-26 07:31:51
2019-11-07 16:56:09,remove_from_cart,zoZcneeE9X,1487580010335174721,,markell,7.14,30930097,AXXDnlA8zN9vMyAnkjqgr8odF,8HXLKVVuF1kqKzEwDc,"[21.1819, -99.3203]",2885353,2016-11-14 03:02:04,2016-11-14 23:07:04,1205,2016-10-25 03:02:04,2016-12-24 03:02:04
2020-02-19 11:33:26,view,RiJb4Io6HY,1487580011702517887,,bpw.style,1.73,16735724,LXZDkha8nF6xbIIEGw8M3q5Yn,Ij2D8hYKoJO3O3VOsE,"[39.1467, 117.2056]",2316647,2017-02-06 16:13:48,2017-02-07 06:52:48,879,2017-01-21 16:13:48,2017-04-21 16:13:48
2019-10-27 09:05:56,remove_from_cart,mVzsjvltxX,1487580005713052531,,matrix,13.33,41716707,JVDRWQLTkRiBNWT9PIHhjqjJX,hEgmciIzga2K2M8aXS,"[-23.6572, -46.5333]",4647587,2019-10-05 17:25:31,2019-10-06 14:44:31,1279,2019-09-25 17:25:31,2019-12-24 17:25:31
2019-10-17 09:57:44,cart,DvBeZy1TTh,1487580006317032337,,sunuv,3.97,34788290,9i8Bb3M8PsnThyED65JJmLgzE,Bq8rQMN9badhnBg7yC,"[51.599, -0.187]",4292406,2020-12-16 13:31:22,2020-12-17 10:42:22,1271,2020-11-26 13:31:22,2021-05-25 13:31:22
2020-02-15 07:30:46,cart,nnDwpEIauM,1487580006317032337,,,4.75,43041306,HpzLIHkCY1gn9MCfLbhNgWnNw,bSiAkqKo6LGw8rqYL7,"[-28.3878, -53.915]",3253637,2016-08-22 07:31:05,2016-08-23 02:10:05,1119,2016-07-31 07:31:05,2016-09-29 07:31:05
2020-02-07 17:25:35,cart,0GmNyMUHQs,1487580005092295511,,,2.62,11393689,tftGTlGE7L3OgdohuP5OFOMuh,638UHdSXmG6fcWawAn,"[45.5828, 9.6692]",4731747,2017-11-06 05:29:54,2017-11-07 04:31:54,1382,2017-10-19 05:29:54,2017-12-18 05:29:54
2020-01-27 10:28:26,view,yabzgRmEFk,1487580014009385185,,,3.65,14992319,FBsnU8yVycJmTW2MTrPq7ruVf,ewzQLuFBCs1bbYvHQY,"[50.0358, 16.4988]",4972063,2017-06-15 05:23:32,2017-06-15 21:03:32,940,2017-05-22 05:23:32,2017-11-18 05:23:32
2019-10-14 18:45:49,view,spKUyi0MMt,1487580012096782476,,bpw.style,3.0,16396732,EYAyaSpDI5qdEtAyXwMlCRw70,bodoyduVKcb65H6XXR,"[36.6511, 138.3069]",4493034,2021-02-11 19:58:32,2021-02-12 23:18:32,1640,2021-01-23 19:58:32,2021-06-22 19:58:32
2020-02-03 17:54:11,view,KyRHxDVCsP,1487580011585077370,,,6.33,25452926,JXLIS0KEdRVu6ebtoSOXVq37w,1xWHQoYqWAO2EIXF7J,"[49.1015, 16.3775]",3098238,2019-02-03 09:45:01,2019-02-03 23:47:01,842,2019-01-12 09:45:01,2019-03-13 09:45:01
2020-01-11 15:05:15,cart,OWFTbtu2BZ,1487580007281722301,,runail,2.62,16177964,B8CzxschwhwiEcT7JP8fBACOe,0jZv6e3aq70kkCWy2Y,"[43.7234, 20.687]",4186245,2017-07-26 23:30:58,2017-07-27 20:24:58,1254,2017-06-28 23:30:58,2017-11-25 23:30:58
2019-11-21 05:56:25,view,4KT7VpcrNs,1487580007675986893,,shary,13.02,42531360,xrqRZZ2AT2VAGAvEVlQcpbkaR,qnpJnGXyoVfkLOgvRJ,"[32.0635, -82.8968]",4607455,2021-02-13 19:24:23,2021-02-14 17:53:23,1349,2021-01-27 19:24:23,2021-06-26 19:24:23
2020-02-02 11:26:40,purchase,0JFjHB0SQ1,1487580005671109489,,grattol,2.37,37510204,Cd9LArwhZQ0AavjXwtdJc5Vd3,WKOgH2bjYnMaOIdAGM,"[29.7824, -95.9515]",1874440,2019-07-27 12:19:53,2019-07-29 01:57:53,2258,2019-06-26 12:19:53,2019-08-25 12:19:53
2019-11-01 17:52:33,cart,VJZt52f3sU,1998040849203594085,,f.o.x,6.59,38305608,trUEWgn5w6eiZF8gQDXa6YsbS,00eyoYy2OTRn4vO7j5,"[8.5756, -73.0944]",3867795,2021-11-14 10:24:56,2021-11-15 04:18:56,1074,2021-11-04 10:24:56,2022-01-03 10:24:56
2019-12-29 00:37:36,remove_from_cart,jD34uAjDfi,1487580007457883075,,,3.97,43416105,7nXWzqFiUmLKawAOfmkI8PiUd,izCiUQzq75EWLU01Sw,"[-26.9, -48.8269]",2531933,2020-09-24 19:00:04,2020-09-25 06:42:04,702,2020-08-19 19:00:04,2021-02-15 19:00:04
2019-11-25 10:29:12,purchase,R1utJHxFmr,2069804417665728971,,grattol,3.81,11431734,wq8hVU714WSXvR8tYO4mZrqXi,QpMgXDyRewYlEVJ97C,"[40.6569, -73.5285]",4678979,2017-11-05 15:22:11,2017-11-06 12:49:11,1287,2017-10-18 15:22:11,2018-03-17 15:22:11
2020-02-22 15:35:28,cart,cTEoLBfB7t,1487580006300255120,,,0.32,11913677,Jik2fg65Dmnp80Bj5lW1tXMWr,p3XIAWEVCVL6WF6GOq,"[48.2778, 8.0869]",1375156,2019-11-14 03:53:46,2019-11-15 08:38:46,1725,2019-11-02 03:53:46,2020-03-31 03:53:46
2020-02-18 06:55:49,remove_from_cart,EOKqzqjy5q,1487580007910867929,,masura,2.06,41502879,eUp1CD1gAg2ujtZ4tzfeODDnV,dD3UEGKlnuRasRtQZZ,"[37.65, -3.45]",1476911,2017-04-25 22:06:11,2017-04-27 04:05:11,1799,2017-04-07 22:06:11,2017-09-04 22:06:11
2019-10-13 17:45:28,view,TTDPCZkFc4,1487580005092295511,,irisk,25.24,42484464,I87EWhmfUORQ9dXIgXMCeaZdb,e2gvoGlUAFYXLex8vn,"[39.7936, -85.7737]",1817539,2015-05-19 05:54:25,2015-05-19 22:30:25,996,2015-05-03 05:54:25,2015-07-02 05:54:25
2020-02-15 20:18:20,view,5JW2Gvae4e,1487580006300255120,,domix,6.03,37689458,CJNezG7WxlUjCxu0HyOzwynDj,PEa2MmYG5pTk0gHOYV,"[43.2833, 11.6]",4109433,2019-07-26 13:36:43,2019-07-27 02:17:43,761,2019-07-03 13:36:43,2019-10-01 13:36:43
2020-01-02 23:15:17,view,g7QBK9I0qI,1487580005134238553,,milv,5.56,10338400,t3Q4NahoTYOaRfWMaJcLVgVzo,ehl9dhCZmqiRMXduhx,"[-21.17, -44.925]",4706937,2017-08-17 00:01:11,2017-08-17 09:24:11,563,2017-08-07 00:01:11,2017-10-06 00:01:11
2020-01-19 13:44:22,remove_from_cart,3fnW6GxiPg,1487580013069861041,,jessnail,2.22,46710606,bG0mnrjW1CH4wl0guPtT8P2bk,ECn26qGOPDrk3ReMho,"[-21.4728, -47.3628]",3772105,2020-01-13 04:27:46,2020-01-14 05:47:46,1520,2019-12-14 04:27:46,2020-05-12 04:27:46
2019-12-07 07:46:57,view,845HaEjl7m,1487580005671109489,,,0.68,28321036,fAdr2n0SrcaZ8GpjdCvzdQZWg,zky0L8hR3qOn0P8dxu,"[49.4806, 1.7239]",2485252,2018-09-10 14:49:20,2018-09-11 10:03:20,1154,2018-08-23 14:49:20,2018-10-22 14:49:20
2019-10-05 11:50:34,cart,ysO3je5CvB,1487580007675986893,,,10.63,19801400,5N35tE9er4QLeBR7cSmxPZCxo,cdyCY1nyAxcczfkkSE,"[-20.8969, -45.2769]",2726005,2016-06-06 22:24:10,2016-06-08 03:56:10,1772,2016-05-16 22:24:10,2016-11-12 22:24:10
2019-12-08 19:12:23,view,uQkTMlw2hx,1487580007675986893,,italwax,3.65,39211720,o5KUirIbTwCaD7HEgmNqG5sEw,Dlz8T89uEfVzStbtEt,"[47.7617, 27.9289]",3766515,2021-06-03 18:32:49,2021-06-04 05:17:49,645,2021-05-22 18:32:49,2021-11-18 18:32:49
2019-12-03 20:24:59,view,2iL25nfVp2,1487580004882580302,,,0.32,47068792,elew9wwtzWpe6Q8xkBQRJ2tVE,4BY9B9pCnFAQrg8Z0w,"[50.325, 19.1333]",3046361,2021-05-26 11:46:06,2021-05-27 11:48:06,1442,2021-04-20 11:46:06,2021-10-17 11:46:06
2020-02-11 22:13:06,remove_from_cart,ApISafjFni,1602943681873052386,,,2.37,28046540,5uSAULK2GpJ0p9kTsPnwnYpYa,8fjHZjCewYRPd9YZV1,"[50.4328, 3.6847]",2904864,2018-05-24 10:58:06,2018-05-25 18:28:06,1890,2018-04-14 10:58:06,2018-08-12 10:58:06
2019-11-30 08:41:21,remove_from_cart,5NCJvlwJrS,1487580005595612013,,runail,10.32,43275766,jbaZlxTcAKZFtsp52EzqAeuMl,ARZL7mUdoBij9iFJfV,"[30.7323, -90.5133]",2047329,2017-04-01 04:51:39,2017-04-01 13:30:39,519,2017-02-23 04:51:39,2017-08-22 04:51:39
2020-02-17 08:07:49,view,dEJiZN1252,1487580007306888126,,sunuv,3.33,12577145,oFipibhrLvs3cIyKFECH1kwbm,TysQ40bgI2WupSfib5,"[47.4025, 8.1278]",1954692,2018-11-02 08:09:08,2018-11-03 08:06:08,1437,2018-10-21 08:09:08,2019-01-19 08:09:08
2019-11-21 21:15:31,view,X2A4Kku4XV,1487580009051717646,,jessnail,2.38,35242570,w5mb1ixnipqtCD7rBenIYi84D,fMrQzDQs4Uk336gRRp,"[55.81, -3.9333]",3128993,2015-12-16 18:09:54,2015-12-17 16:52:54,1363,2015-11-30 18:09:54,2016-03-29 18:09:54
2020-01-21 08:47:02,purchase,7Rt2uKNcbs,1487580005134238553,,,1.27,38557492,98xtHDJUHw9H9m9oemRuzNh1z,lJDUta3Ep9cPG4E9iC,"[45.8125, 10.07]",4636334,2021-01-10 05:15:18,2021-01-11 10:18:18,1743,2020-12-24 05:15:18,2021-04-23 05:15:18
2020-01-13 03:04:44,remove_from_cart,gdPFewURIM,2007399943458784057,,ingarden,3.17,49494225,3IO1h6IZzZ89NvX7AyWbGpLVj,KZC18nOmKLEREPIONH,"[-23.03, -46.975]",4694544,2016-05-04 18:39:04,2016-05-05 10:38:04,959,2016-04-18 18:39:04,2016-10-15 18:39:04
2020-02-22 10:45:38,view,RI22SG103Z,1487580005595612013,,grattol,3.17,40078765,v7pbztt5VasfycANoVX7Cc9eU,QvujBcde2uPcaRgLDX,"[32.15, 34.8833]",4618915,2019-04-26 14:14:34,2019-04-27 06:38:34,984,2019-03-19 14:14:34,2019-08-16 14:14:34
2020-01-06 19:51:12,cart,IdZKHiObuz,1487580007675986893,,,1.43,45837208,7RyztlnCtmXbn3NfUAsLqqV6h,DUFApHz1eshy3YRwM2,"[39.9101, 119.5468]",4259223,2021-03-11 13:58:37,2021-03-12 04:12:37,854,2021-02-13 13:58:37,2021-05-14 13:58:37
2019-11-07 13:15:35,cart,GHVT7SxspX,1487580010645553231,,,4.95,19931661,TKWh74D8WCzq2LhihijgMaWVd,acrmjgBl2gFWf3TlYr,"[23.1277, 104.7029]",2553278,2018-09-21 03:36:45,2018-09-22 18:39:45,2343,2018-09-06 03:36:45,2018-12-05 03:36:45
2019-11-14 16:58:40,view,UhWa4aRAk5,1783999063314661546,,runail,0.95,42737913,r4ZbbCySHhsQIzRkYKegiHsWQ,L7vXNS1pPicwiCQY78,"[32.8605, -97.218]",4210929,2015-10-06 19:54:58,2015-10-07 20:44:58,1490,2015-09-12 19:54:58,2016-02-09 19:54:58
2020-01-13 11:56:08,remove_from_cart,UIuBTMnpmt,1487580006300255120,,estel,5.24,49176485,420087469,3140531042,"[39.5659, 145.437]",4740618,2016-02-10 14:37:19,2016-02-10 23:07:19,510,2016-01-26 14:37:19,2016-07-24 14:37:19
2020-01-11 18:01:24,cart,8rpllAKnCg,1842735758805303837,,,26.97,35991987,475586043,1964912767,"[38.05, 14.4228]",1738128,2015-02-08 04:41:26,2015-02-08 12:31:26,470,2015-01-29 04:41:26,2015-03-30 04:41:26
2020-01-26 09:34:27,cart,PGN3gbXozv,1638456119066100510,,,3.17,27103134,323626746,1300559748,"[40.603, -72.0]",4804157,2015-12-07 21:26:12,2015-12-08 02:18:12,292,2015-11-23 21:26:12,2016-03-22 21:26:12
2020-02-29 13:22:09,cart,vtzaMO3UoA,1487580006509970331,,,0.65,48426521,157493499,2676438687,"[42.5818, -122.1561]",2264566,2019-09-05 13:23:29,2019-09-05 22:54:29,571,2019-08-12 13:23:29,2019-11-10 13:23:29
2019-12-05 11:02:06,view,Xn1LzUwyyu,1645114480121610699,,zinger,5.24,29649841,418540270,1047904615,"[37.05, -51.7858]",4193478,2021-07-20 21:12:29,2021-07-21 01:20:29,248,2021-07-05 21:12:29,2021-10-03 21:12:29
2019-10-07 16:50:58,cart,3PWRKimMu3,1487580009496313889,,,0.22,38607391,131085251,1842857493,"[47.3422, -75.507]",4517899,2019-07-11 20:01:58,2019-07-11 22:27:58,146,2019-06-04 20:01:58,2019-11-01 20:01:58
2019-10-31 09:43:27,view,UxwGFji4g3,1487580009571811364,,grattol,4.44,23912759,270989156,2663547856,"[50.8703, 133.2867]",4013055,2015-04-02 11:53:01,2015-04-02 17:31:01,338,2015-03-05 11:53:01,2015-05-04 11:53:01
2019-11-22 07:22:51,cart,usvltjqU2I,1487580007675986893,,masura,3.02,19855181,226641182,3215094068,"[-35.0667, -36.4658]",3579563,2019-01-20 14:02:50,2019-01-20 19:19:50,317,2019-01-02 14:02:50,2019-03-03 14:02:50
2020-01-23 12:42:29,view,VJDxKldWWy,1487580007432717250,,kaaral,0.38,18553136,443173128,2455317583,"[50.8986, 72.6833]",1351116,2015-04-13 10:32:24,2015-04-13 18:03:24,451,2015-03-17 10:32:24,2015-05-16 10:32:24
2019-12-15 11:53:42,cart,sp3g1A3CLD,1602943681873052386,,cnd,14.29,31501768,203899093,1424605596,"[-13.5169, -88.8667]",2388043,2018-07-04 03:29:45,2018-07-04 09:24:45,355,2018-06-12 03:29:45,2018-10-10 03:29:45
2019-11-29 12:28:19,remove_from_cart,sAgHJ0sCy6,1487580007675986893,,irisk,3.0,31216933,243633172,3174563126,"[20.2666, -1.07]",1172884,2019-10-16 13:49:22,2019-10-16 22:00:22,491,2019-09-08 13:49:22,2020-01-06 13:49:22
2020-01-17 21:31:51,cart,JfUTpoJ2rH,1487580008263189483,,,23.33,48215615,472453993,2196834608,"[18.9822, -107.07]",2697434,2021-04-28 00:29:33,2021-04-28 06:27:33,358,2021-04-15 00:29:33,2021-10-12 00:29:33
2020-01-27 12:33:37,view,2oAly7ACos,1487580008263189483,,irisk,14.29,34441187,147532114,2248669505,"[47.2496, -74.8207]",4022768,2017-10-12 13:46:41,2017-10-13 00:44:41,658,2017-09-28 13:46:41,2017-12-27 13:46:41
2019-12-01 13:38:34,cart,XtwRwMzhVg,1487580012927254698,,irisk,1.98,29790081,175371812,2006998057,"[41.5707, 15.1]",3654210,2018-05-23 09:57:00,2018-05-23 19:48:00,591,2018-04-29 09:57:00,2018-09-26 09:57:00
2019-11-21 06:20:25,view,DABsIJv1KW,1487580005134238553,,,13.33,19463675,481287712,2584922660,"[19.2939, -0.5465]",3596248,2017-07-09 23:32:00,2017-07-10 05:34:00,362,2017-06-17 23:32:00,2017-09-15 23:32:00
2020-02-16 09:20:57,cart,sdV5AuOl6O,1487580005092295511,,kapous,10.32,34737755,298337303,1859264326,"[36.6116, 39.97]",4954241,2016-07-21 01:17:32,2016-07-21 08:56:32,459,2016-07-11 01:17:32,2017-01-07 01:17:32
2019-11-09 19:01:12,view,7DCGFXGuN9,2187790129827939246,,metzger,5.87,41789974,418600128,3999415592,"[45.4833, -0.416]",1206568,2016-10-28 14:31:04,2016-10-29 01:28:04,657,2016-09-25 14:31:04,2017-01-23 14:31:04
2020-02-05 09:55:40,view,Q2pUAqnMhz,1891434214553813877,,,3.81,14942148,499714515,4514627278,"[16.0533, -35.6008]",4610534,2016-12-08 22:48:49,2016-12-09 06:49:49,481,2016-11-27 22:48:49,2017-01-26 22:48:49
2019-10-21 10:42:34,remove_from_cart,sUKAq9Yy8G,1487580005092295511,,,1.43,11991210,385351491,2411102059,"[49.2625, -81.2202]",2906420,2021-01-04 03:23:42,2021-01-04 11:34:42,491,2020-12-08 03:23:42,2021-03-08 03:23:42
2019-10-13 17:28:28,remove_from_cart,SMv9xT1dY3,2055161088059638328,,,8.89,31909970,281903521,3333954961,"[-25.2955, 10.3717]",1194114,2020-07-12 16:42:16,2020-07-12 19:19:16,157,2020-06-15 16:42:16,2020-10-13 16:42:16
2020-02-29 11:31:53,remove_from_cart,f3zSnXU2rk,2084144451428549153,,pole,3.1,45092392,303306131,1936800692,"[49.2833, 36.3106]",1549541,2017-07-28 08:02:46,2017-07-28 16:07:46,485,2017-06-24 08:02:46,2017-11-21 08:02:46
2019-12-12 21:16:25,view,gtilYlkjHl,1487580005092295511,,,3.0,41834506,301085473,3269400425,"[49.4261, -88.495]",2187822,2015-12-23 04:13:42,2015-12-23 12:00:42,467,2015-12-12 04:13:42,2016-02-10 04:13:42
2019-10-05 18:05:11,remove_from_cart,1KtrglERbL,1487580007306888126,,sophin,1.98,17946423,490291437,3093892668,"[42.5447, -0.6331]",1262000,2021-05-02 01:08:53,2021-05-02 06:39:53,331,2021-04-15 01:08:53,2021-07-14 01:08:53
2020-02-29 00:13:37,view,5pUZGrYyO7,1487580010242900029,,,14.6,36123770,134616417,1751837663,"[22.74, -78.4333]",3705831,2015-05-18 17:53:09,2015-05-19 02:22:09,509,2015-05-02 17:53:09,2015-09-29 17:53:09
2019-11-03 11:29:33,remove_from_cart,b0Oo2MWwtg,1487580011652186237,,,3.97,33259642,173793489,1565862076,"[41.6933, -0.6031]",3552757,2018-01-07 07:19:45,2018-01-07 15:11:45,472,2017-12-18 07:19:45,2018-05-17 07:19:45
2019-11-08 12:40:06,cart,FIiHevC5Ne,1487580005671109489,,beautix,1.27,42585598,253620512,1606157967,"[8.5667, 122.5667]",1284551,2019-06-09 20:38:14,2019-06-10 04:49:14,491,2019-05-28 20:38:14,2019-08-26 20:38:14
2020-02-10 22:29:33,view,J3seSl5gfC,1487580013279576251,,,3.0,36898374,397060169,4947827518,"[40.2333, -76.2092]",1883997,2018-03-23 03:09:07,2018-03-23 10:50:07,461,2018-02-12 03:09:07,2018-05-13 03:09:07
2019-11-17 07:59:35,view,CXJ2kFpzTl,1487580007675986893,,milv,1.59,43680572,340731812,4988724045,"[49.8647, -5.1737]",3311272,2015-02-22 05:08:22,2015-02-22 14:56:22,588,2015-01-27 05:08:22,2015-05-27 05:08:22
2020-01-26 17:56:54,view,HyIEawZLNO,1487580013296353468,,,0.63,35955964,476890156,3514853181,"[40.4489, 25.9694]",4948002,2020-01-05 10:05:52,2020-01-05 15:56:52,351,2019-12-21 10:05:52,2020-04-19 10:05:52
2019-11-06 08:26:43,purchase,KSwR8AvivV,1783999063314661546,,,1.73,40524070,229719129,3507131690,"[55.1, 32.5265]",4768524,2020-10-09 18:15:49,2020-10-10 06:01:49,706,2020-09-03 18:15:49,2020-12-02 18:15:49
2019-11-10 04:37:55,view,O93ol15T8e,1783999072332415142,,jessnail,3.97,45916059,484569061,4909570010,"[43.6301, -4.097]",4528072,2017-08-15 14:06:35,2017-08-16 00:17:35,611,2017-07-29 14:06:35,2017-12-26 14:06:35
2020-02-21 15:59:39,purchase,FevUPBqSGW,1487580005134238553,,,11.11,25704085,492279368,4551423638,"[-27.0078, 10.8808]",3710831,2019-06-09 02:06:28,2019-06-09 09:50:28,464,2019-05-18 02:06:28,2019-10-15 02:06:28
2019-10-16 18:47:15,cart,jVjQZ9rrjh,1487580005134238553,,,0.4,24492500,191365105,3473368911,"[46.9633, 11.3603]",4556274,2021-08-23 05:39:54,2021-08-23 12:27:54,408,2021-08-02 05:39:54,2021-10-31 05:39:54
2019-11-30 18:44:25,purchase,vKCsOijtFz,1487580010754605141,,kapous,1.98,16978468,145387413,2332334064,"[34.4919, 69.5]",1901781,2020-10-26 22:12:24,2020-10-27 06:31:24,499,2020-09-17 22:12:24,2021-02-14 22:12:24
2019-10-11 03:01:05,cart,9W2pM4321J,1783999072332415142,,,1.9,18191106,450904509,1073454265,"[-12.8878, 22.1914]",2163898,2016-07-17 12:20:04,2016-07-17 17:54:04,334,2016-06-19 12:20:04,2016-11-16 12:20:04
2019-10-31 17:40:49,view,8vPas8HXbI,1487580005268456287,,roubloff,3.49,14944134,455330662,2173404435,"[38.1333, 9.0033]",1824478,2017-05-26 08:00:38,2017-05-26 18:25:38,625,2017-04-30 08:00:38,2017-08-28 08:00:38
2019-11-30 06:36:44,remove_from_cart,ISAKWouS5F,1605161575889502297,,,6.27,18463489,185388576,3776860391,"[26.455, 51.15]",1943855,2016-12-07 18:03:27,2016-12-08 03:47:27,584,2016-11-18 18:03:27,2017-02-16 18:03:27
2019-12-03 18:58:05,view,PaLBYrr1Y0,1487580005595612013,,runail,0.63,20848878,113050915,1627603594,"[47.1969, -81.2643]",3676226,2015-05-20 02:06:18,2015-05-20 13:05:18,659,2015-04-29 02:06:18,2015-06-28 02:06:18
2020-02-04 14:24:24,cart,9qnM04EJef,1487580008187692007,apparel.glove,,10.51,30017379,347291317,3764623842,"[32.6722, 8.9833]",2726772,2016-10-02 02:37:24,2016-10-02 11:54:24,557,2016-09-16 02:37:24,2017-03-15 02:37:24
2020-02-25 08:56:42,view,bzAfH3wwtm,1487580005268456287,,,0.54,37800635,215166587,2625036228,"[41.0517, -2.2234]",1806520,2018-05-05 00:25:34,2018-05-05 08:45:34,500,2018-04-10 00:25:34,2018-07-09 00:25:34
2019-12-05 16:33:56,cart,lKME8YIBgp,1487580007575323592,,,3.97,36442433,167442425,4769110311,"[-20.7889, 8.7667]",4520572,2018-07-11 05:27:52,2018-07-11 11:16:52,349,2018-07-01 05:27:52,2018-11-28 05:27:52
2019-11-21 17:49:58,view,ub0i7jLQR8,1487580005134238553,,estel,33.16,22915311,179198357,4777766348,"[40.2417, 7.5547]",1206847,2020-12-22 00:36:06,2020-12-22 10:57:06,621,2020-11-17 00:36:06,2021-02-15 00:36:06
2019-10-12 20:35:40,remove_from_cart,CjX64s79aB,1487580007675986893,,pole,21.43,30613795,495578027,3365543315,"[53.1258, 7.3369]",1678886,2019-10-28 11:27:52,2019-10-28 13:00:52,93,2019-09-22 11:27:52,2020-02-19 11:27:52
2020-01-22 15:23:49,view,pr4jueZK7b,1487580007281722301,,solomeya,0.0,12591201,272121982,1526276456,"[-27.5, 18.6167]",3500893,2016-01-03 03:54:19,2016-01-03 11:27:19,453,2015-12-23 03:54:19,2016-02-21 03:54:19
2020-02-05 10:12:07,purchase,ASnoNGI9Dt,1783999064103190764,,concept,7.78,33802664,442135095,2542685734,"[53.5174, 39.0167]",3874707,2015-05-13 04:34:29,2015-05-13 11:20:29,406,2015-04-28 04:34:29,2015-10-25 04:34:29
2019-12-14 09:59:46,cart,4NDJ4pc1vv,2084144451428549153,,,0.71,11938914,330212567,4787346212,"[46.7686, 13.4167]",3160585,2020-08-16 22:41:56,2020-08-17 05:13:56,392,2020-07-26 22:41:56,2020-12-23 22:41:56
2019-10-16 20:04:01,remove_from_cart,ASpm8LxI64,1487580009177546772,,,9.37,30291561,305372892,1715082477,"[50.9333, -86.4991]",3621600,2020-09-27 15:05:42,2020-09-27 19:19:42,254,2020-09-10 15:05:42,2021-01-08 15:05:42
2019-11-17 04:20:26,view,cT7ecySxzR,1602943681873052386,,dermal,10.54,19205906,266884443,1136335844,"[51.6014, 4.42]",1237046,2015-04-11 10:09:38,2015-04-11 17:34:38,445,2015-03-23 10:09:38,2015-06-21 10:09:38
2019-11-09 18:24:50,view,mm61RoUF6h,1487580005595612013,,lianail,1.75,11690907,117460295,4920585053,"[17.9667, 24.2942]",3354086,2019-07-09 22:18:57,2019-07-10 07:46:57,568,2019-06-23 22:18:57,2019-10-21 22:18:57
2019-12-15 15:55:20,view,CphkQXrwV1,1602943681873052386,,pole,5.56,37823822,173126278,4819642320,"[31.8017, 51.1089]",3139776,2017-08-19 18:02:51,2017-08-20 00:23:51,381,2017-07-13 18:02:51,2017-12-10 18:02:51
2019-11-10 10:01:15,view,LFmgRGISo4,2084144451428549153,,grattol,4.27,23111814,326017952,2974730270,"[32.0217, -49.6289]",4876437,2018-05-10 23:26:08,2018-05-11 08:27:08,541,2018-03-31 23:26:08,2018-08-28 23:26:08
2019-11-26 08:21:19,view,ESTI86Rz8b,1783999064136745198,,ingarden,2.86,21016637,401449712,4772581226,"[-17.8808, -110.7783]",3518745,2017-03-09 16:41:27,2017-03-10 00:32:27,471,2017-02-08 16:41:27,2017-07-08 16:41:27
2019-11-17 08:10:07,view,ygO14VyxLm,1487580011383750769,,ingarden,4.92,17673319,403727220,4854566098,"[46.7856, -75.9933]",3391314,2018-07-27 11:25:24,2018-07-27 21:44:24,619,2018-06-17 11:25:24,2018-09-15 11:25:24
2020-02-11 07:20:57,remove_from_cart,PVCfJeifV6,1783999064136745198,,,7.14,29212174,340709454,3873551733,"[33.9007, -81.5254]",3428267,2016-05-18 07:05:30,2016-05-18 13:45:30,400,2016-04-16 07:05:30,2016-06-15 07:05:30
2019-11-20 10:07:26,cart,Lb8GJQ0xHo,1487580009471148064,,polarus,5.0,45445770,162311802,2465396212,"[41.0447, 131.25]",1265104,2017-12-06 12:35:54,2017-12-06 20:47:54,492,2017-10-28 12:35:54,2018-03-27 12:35:54
2019-10-06 20:34:32,view,uJdYRhdF12,1487580013581566154,,,2.38,40035707,377235422,1148419530,"[29.9474, -40.4178]",4143045,2016-05-27 22:23:31,2016-05-28 04:04:31,341,2016-05-02 22:23:31,2016-07-01 22:23:31
2020-01-09 10:56:36,view,AAmJ9G6AIA,1487580007675986893,,roubloff,3.84,32297105,433820480,1593767976,"[60.9477, -87.8379]",3525689,2017-05-10 11:00:29,2017-05-10 20:01:29,541,2017-04-26 11:00:29,2017-10-23 11:00:29
2019-12-26 09:58:46,view,EskXeFcuRa,1487580006300255120,,,5.16,31532249,421873559,4949680213,"[-5.0949, -74.1316]",3402957,2018-05-15 13:00:12,2018-05-15 18:03:12,303,2018-04-08 13:00:12,2018-07-07 13:00:12
2019-10-08 12:51:10,view,igxMHlLXyY,1487580007306888126,,marathon,2.05,48304328,292260471,1324180865,"[-15.017, 28.3856]",3397617,2021-11-20 15:18:20,2021-11-20 21:50:20,392,2021-11-01 15:18:20,2022-03-01 15:18:20
2020-02-25 03:42:48,view,11L7V2R4hJ,1487580011283087468,,ingarden,1.43,16790733,154280270,2396216474,"[36.3143, -94.36]",3927620,2016-01-20 14:32:04,2016-01-20 19:41:04,309,2016-01-04 14:32:04,2016-04-03 14:32:04
2019-11-22 18:57:23,purchase,hAqEoz6F8w,1602943681873052386,,depilflax,4.11,46105389,415824761,2033128940,"[26.4253, 9.9806]",3671408,2016-11-07 22:27:39,2016-11-08 06:06:39,459,2016-10-25 22:27:39,2017-02-22 22:27:39
2019-12-17 22:33:44,view,YRLEpnJna5,1487580006241534861,,kapous,1.59,15372172,273682924,4277717433,"[52.2577, -39.0139]",2294398,2017-05-08 16:05:48,2017-05-08 22:12:48,367,2017-04-18 16:05:48,2017-06-17 16:05:48
2019-10-24 13:03:25,view,MixjfiDJjI,1487580005134238553,,,2.84,44242583,115711709,1904998169,"[53.566, -83.7847]",4203951,2018-02-09 02:40:59,2018-02-09 06:16:59,216,2018-01-08 02:40:59,2018-06-07 02:40:59
2019-10-30 03:16:30,view,ETbumWuh6y,1487580010125459512,,oniq,6.75,46619964,194713532,2195109481,"[48.7733, -42.1028]",4789599,2017-09-19 08:10:34,2017-09-19 20:42:34,752,2017-08-12 08:10:34,2018-01-09 08:10:34
2019-11-07 18:36:02,purchase,g1hmWddZ0T,1487580013522845895,,shik,3.17,41281442,160660817,2588229107,"[-20.9829, -50.7408]",3653952,2016-02-03 19:21:13,2016-02-04 03:30:13,489,2016-01-19 19:21:13,2016-04-18 19:21:13
2020-01-20 10:15:05,purchase,f8r5nyTPKY,1487580008263189483,,,13.97,10018128,425366254,3768046083,"[29.7211, 32.7167]",3851071,2017-01-24 15:13:19,2017-01-25 01:29:19,616,2016-12-19 15:13:19,2017-04-18 15:13:19
2020-01-29 11:19:56,remove_from_cart,317fluh6Dy,1487580012734316706,,runail,8.57,28218169,101239716,1644122319,"[54.2439, 136.9877]",1206049,2019-05-11 16:15:27,2019-05-11 21:58:27,343,2019-04-10 16:15:27,2019-10-07 16:15:27
2020-02-06 20:10:05,remove_from_cart,ODk5aNWeCG,1487580007675986893,,pnb,10.95,15331691,475720872,2549074499,"[45.5467, 12.8958]",2521356,2015-07-05 16:52:27,2015-07-05 21:58:27,306,2015-06-11 16:52:27,2015-11-08 16:52:27
2019-11-14 20:33:00,view,GpGoRkyufm,1487580009311764506,,beautix,4.46,33292397,280732376,3154067869,"[39.8229, -122.2672]",2550075,2019-03-13 23:41:36,2019-03-14 06:52:36,431,2019-02-20 23:41:36,2019-04-21 23:41:36
2019-12-16 22:35:18,view,V23xz6OkxV,1487580005268456287,,,1.03,35196391,217494317,1851626053,"[53.4083, -2.0579]",1298358,2020-10-15 15:02:16,2020-10-16 00:20:16,558,2020-09-23 15:02:16,2020-12-22 15:02:16
2019-12-22 10:42:49,view,XCYKJxtrav,1487580013539623112,,metzger,6.19,11595375,272780704,3916609894,"[31.0525, -82.5467]",1764341,2019-06-25 04:39:22,2019-06-25 15:24:22,645,2019-06-07 04:39:22,2019-10-05 04:39:22
2019-10-04 08:30:54,cart,eer7N3HvTS,1487580005671109489,,,6.35,22520440,177844090,1679815598,"[20.0918, -40.4333]",3139970,2015-02-11 08:12:51,2015-02-11 13:08:51,296,2015-01-16 08:12:51,2015-04-16 08:12:51
2020-02-07 08:28:00,view,IVnZ729n6S,1487580005092295511,,ingarden,1.73,33460276,248218927,3248884641,"[39.2593, 39.5167]",3198897,2021-07-24 04:47:59,2021-07-24 14:58:59,611,2021-07-08 04:47:59,2022-01-04 04:47:59
2020-01-02 15:56:06,view,Nesrm9SSEN,1487580005671109489,,pnb,2.81,17613067,392366328,4414399116,"[58.6333, 9.8]",3517345,2019-09-15 11:37:52,2019-09-15 21:57:52,620,2019-08-22 11:37:52,2019-10-21 11:37:52
2019-11-09 12:11:40,cart,CMKb96kK9g,1602943681873052386,,masura,5.27,45559804,368689665,4422172278,"[38.4437, 6.8397]",2903755,2021-04-18 14:27:58,2021-04-18 20:45:58,378,2021-04-04 14:27:58,2021-06-03 14:27:58
2019-12-20 12:03:58,view,K6V9KJfOe5,1487580005268456287,,beautix,3.0,15538680,469311713,3955756152,"[41.488, 22.6778]",3423828,2018-08-28 10:33:51,2018-08-28 18:21:51,468,2018-08-11 10:33:51,2019-01-08 10:33:51
2019-12-02 11:06:38,view,WB1tS1EoKp,1487580005411062629,,irisk,3.0,40703810,390035919,1674485521,"[49.5558, -3.83]",2034503,2017-12-24 16:59:07,2017-12-25 02:05:07,546,2017-12-08 16:59:07,2018-03-08 16:59:07
2019-12-30 07:11:47,view,GVUlPspIQq,2151191071378375538,,,0.0,10065525,346927293,1661137891,"[40.35, 8.5256]",4298303,2021-07-09 18:20:13,2021-07-10 04:21:13,601,2021-06-22 18:20:13,2021-09-20 18:20:13
2020-01-14 09:35:20,cart,NvoVuSDyI8,1487580005595612013,,,6.19,20317601,311186047,1313470339,"[-22.9083, 126.5924]",1809115,2019-08-15 03:57:22,2019-08-15 11:48:22,471,2019-07-25 03:57:22,2019-10-23 03:57:22
2020-02-04 14:29:25,cart,aCpNFTOQpV,1487580007675986893,,grattol,2.86,48198666,168219672,4563851629,"[42.6841, 8.1081]",1821800,2021-06-10 14:49:50,2021-06-10 19:31:50,282,2021-05-13 14:49:50,2021-10-10 14:49:50
2019-11-26 10:26:49,cart,Qk6gaRxX4w,1487580009026551821,,italwax,10.32,15432733,145160348,3755506414,"[-9.6719, -74.44]",2719911,2015-07-23 01:10:22,2015-07-23 06:27:22,317,2015-06-21 01:10:22,2015-09-19 01:10:22
2020-01-01 09:08:22,cart,W9OmK2NUWt,1487580008145748965,,runail,22.1,47579739,259998941,3830399783,"[33.4314, 57.7406]",4371531,2018-01-26 18:43:19,2018-01-26 23:26:19,283,2018-01-15 18:43:19,2018-05-15 18:43:19
2019-11-17 20:43:30,cart,wIZsBwV1r6,1897124478404526487,,,10.95,19841236,345214821,4528257004,"[43.168, -102.733]",4978680,2018-03-04 04:19:53,2018-03-04 10:22:53,363,2018-02-10 04:19:53,2018-04-11 04:19:53
2019-12-15 13:31:03,purchase,q8He4C2leu,1487580007675986893,,nagaraku,6.51,13293898,364090888,3146551675,"[31.0304, 19.0128]",3721635,2018-02-05 23:00:20,2018-02-06 05:33:20,393,2017-12-30 23:00:20,2018-04-29 23:00:20
2019-11-23 20:56:51,view,ps6IM99oN9,1487580006317032337,,roubloff,4.92,43461387,103478869,1187269486,"[43.3167, -88.2358]",2763190,2015-08-10 06:49:51,2015-08-10 14:34:51,465,2015-07-29 06:49:51,2016-01-25 06:49:51
2019-10-07 16:54:47,view,gVfborQWo2,1487580005671109489,,runail,2.81,16561932,448953562,1529940283,"[39.6375, 16.3731]",1711459,2021-05-02 17:58:05,2021-05-03 02:27:05,509,2021-04-12 17:58:05,2021-10-09 17:58:05
2019-11-30 15:59:07,view,e4A6UcdHAT,1487580005268456287,,masura,5.4,27710048,178454869,4717061829,"[30.5728, 9.6167]",2175114,2020-03-25 02:01:47,2020-03-25 08:03:47,362,2020-03-01 02:01:47,2020-07-29 02:01:47
2020-01-30 13:05:19,cart,ofRHFd4ZVm,1487580005671109489,,,3.16,18445672,328008114,4734907966,"[42.4991, -72.5793]",1868538,2018-11-08 17:43:20,2018-11-09 05:44:20,721,2018-10-15 17:43:20,2019-04-13 17:43:20
2019-12-03 20:22:09,view,oTOfmfUcAl,1487580013749338323,,,0.79,25283377,223509532,3124416589,"[34.7736, -123.4565]",1558673,2019-07-28 05:25:44,2019-07-28 14:47:44,562,2019-07-14 05:25:44,2020-01-10 05:25:44
2020-01-09 19:29:22,cart,MueW2RXbsG,1783999064103190764,,runail,3.65,45813077,418310011,2420268298,"[47.3, 11.5833]",1264605,2019-09-18 08:59:59,2019-09-18 14:39:59,340,2019-09-08 08:59:59,2020-02-05 08:59:59
2019-11-27 21:59:23,view,LKO7VFWEtc,1487580011585077370,,oniq,2.05,38117936,399854757,3264157880,"[5.7837, -116.9694]",1168250,2018-08-13 17:40:59,2018-08-14 01:41:59,481,2018-08-02 17:40:59,2018-12-30 17:40:59
2019-12-07 12:44:35,purchase,JO9IRzyHv4,1487580005511725929,,nagaraku,1.59,43214564,181133041,3930674891,"[53.3572, 23.6333]",3091420,2018-09-19 00:35:43,2018-09-19 07:03:43,388,2018-09-03 00:35:43,2019-01-31 00:35:43
2020-02-23 11:41:37,view,ILzShFjnmi,1487580010561667147,,grattol,2.54,34988247,108405951,2345038678,"[-3.3539, -70.7139]",4299105,2018-03-19 21:28:32,2018-03-20 06:00:32,512,2018-03-01 21:28:32,2018-06-29 21:28:32
2020-02-23 06:16:39,view,EmOBP3PNpn,1487580013749338323,,,3.65,19572705,156632158,3050070046,"[51.6776, -2.0509]",1070564,2016-12-20 11:40:31,2016-12-20 20:36:31,536,2016-11-18 11:40:31,2017-03-18 11:40:31
2019-11-12 15:53:39,view,CcV4E8I1QZ,1487580013841613016,,haruyama,3.0,30115960,474491624,4375020508,"[25.1872, -75.2373]",1020266,2016-06-12 07:05:24,2016-06-12 13:45:24,400,2016-05-11 07:05:24,2016-09-08 07:05:24
2019-12-11 11:50:20,view,yVpbgkQymK,1487580006300255120,,,0.4,23685657,241590130,2850445920,"[47.8639, 34.3283]",3283444,2020-11-22 07:49:34,2020-11-22 14:54:34,425,2020-11-10 07:49:34,2021-03-10 07:49:34
2020-01-02 13:40:03,cart,l2Rz8M9whC,1487580005092295511,,bluesky,10.95,26560133,413491241,2218525958,"[-42.9, 123.4161]",1728285,2020-11-22 22:14:50,2020-11-23 07:10:50,536,2020-10-13 22:14:50,2021-03-12 22:14:50
2019-11-07 22:00:54,view,MKDd6wtdvw,1783999072332415142,,runail,13.49,34740600,395656666,2572127806,"[44.0142, -77.8966]",4103809,2019-07-13 13:48:29,2019-07-13 22:51:29,543,2019-06-28 13:48:29,2019-08-27 13:48:29
2020-02-14 14:11:43,view,COcIDOuxcI,1487580005092295511,,,0.13,36316918,113069866,3920966816,"[9.0, -74.6824]",3109041,2017-05-21 16:38:17,2017-05-21 23:01:17,383,2017-05-02 16:38:17,2017-07-31 16:38:17
2020-02-03 12:49:29,view,ZDrkWtKBOz,1487580011853512836,,,9.52,19743419,419975738,1317090842,"[53.925, 80.0506]",2717494,2021-07-03 20:20:07,2021-07-04 05:53:07,573,2021-05-27 20:20:07,2021-07-26 20:20:07
2019-11-08 14:42:00,view,zmMFuzNcsk,1487580007675986893,,runail,5.56,19574642,141441721,2219104592,"[37.5858, -89.587]",4265191,2021-10-09 19:26:29,2021-10-10 07:23:29,717,2021-08-31 19:26:29,2022-01-28 19:26:29
2019-12-02 17:10:52,view,Az79gdW2rz,1487580005092295511,,levrana,1.43,36320006,305939955,3835109225,"[24.0889, 27.0176]",3779022,2015-05-12 18:38:55,2015-05-13 03:00:55,502,2015-05-02 18:38:55,2015-08-30 18:38:55
2019-11-02 12:06:53,cart,GPY9fIK639,1487580005134238553,,markell,9.52,31123492,100357424,4666849825,"[43.2281, -82.6057]",1626338,2016-01-07 18:39:08,2016-01-07 21:52:08,193,2015-12-15 18:39:08,2016-06-12 18:39:08
